id;first_name;last_name;email;phone_number
1;Ayana;MacGyver;Quentin.Cole@gmail.com;Account killer
2;Ephraim;Waelchi;Greyson_Buckridge@gmail.com;Fantastic
3;Eugenia;Rogahn;Elenor18@yahoo.com;Forint Franc
4;Angelica;Runte;Elwyn65@gmail.com;Investor Wyoming connect
5;Brain;Reichert;Trent63@gmail.com;Designer Towels Sausages
6;Jena;Roob;Garland_Hammes@gmail.com;Account SMTP user
7;Audreanne;Walsh;Adolf.Moen@yahoo.com;Cotton SSL
8;Lucio;Sawayn;Dominique_Ward@gmail.com;dedicated array
9;Timmothy;Kris;Zaria.Yundt63@hotmail.com;payment Fish
10;Jayne;Runolfsson;Bertram99@gmail.com;Generic
