id;title;notes;location;vidurl;record_date
1;optical olive hard;Account Dynamic Small;synthesize;input;2021-12-19T20:22:04
2;Trace;feed;Baby e-tailers Garden;overriding;2021-12-19T23:07:08
3;Fresh Directives;architect Views;Niger Nigeria e-commerce;high-level;2021-12-19T23:07:48
4;Shoal Program invoice;Borders customized port;Frozen;Organic Republic;2021-12-19T18:09:45
5;e-services utilize deposit;Liechtenstein;Fresh Checking application;hierarchy blockchains Creative;2021-12-19T18:57:11
6;Garden Shoals;Frozen;ROI mobile Wooden;Monitored Bike;2021-12-20T08:00:45
7;programming;core;monitor methodologies;Refined;2021-12-20T02:11:44
8;reintermediate 1080p Sleek;Mandatory;quantify;Kuna Outdoors override;2021-12-19T18:57:33
9;deposit;purple Graphical payment;cross-platform initiative primary;black;2021-12-20T08:03:52
10;holistic User-friendly;Concrete Tuna;Towels calculating;withdrawal 1080p Assurance;2021-12-20T09:06:34
