id;contents;location;comment_date
1;Branding back-end circuit;project Diverse Car;2021-12-20T03:45:47
2;Afghanistan;cyan Dynamic Games;2021-12-20T13:24:01
3;alliance;Personal;2021-12-19T21:39:29
4;Barbados;system-worthy Tobago strategize;2021-12-19T21:28:32
5;Bedfordshire Producer;Human copying;2021-12-20T00:23:20
6;capacitor Kenya;CSS Fresh;2021-12-20T13:13:27
7;Overpass Pennsylvania solutions;Pizza SCSI;2021-12-20T12:05:58
8;ivory;SDD West Cambridgeshire;2021-12-19T22:43:26
9;invoice out-of-the-box;COM supply-chains;2021-12-20T09:19:09
10;Refined;Sports Mobility;2021-12-20T10:29:05
